1,陈政文,武汉鄂斯鸿眸科技有限公司
2,夏雅惠,上海毕得医药科技有限公司
3,李仪琳,华东师范大学
4,徐紫富,同济大学
5,李成白,兰州大学
6,张冠杰,北京西湖科技有限公司
7,俞星如,上海睿士科技有限公司
8,陈淑妤,上海交通大学
9,林玟书,上海交通大学
10,陈虹荣,扬州大学
11,查瑜舜,复旦大学
12,陈百菁,中国科学院上海有机化学研究所
13,王美珠,四川大学
14,蒋廷湖,华东理工大学 
15,林培伦,复旦大学
16,黄育霖,上海市上海中学
17,黄彦宜,上海交通大学
18,周逸珮,上海毕得医药科技有限公司
19,辛翔坤,大龙兴创实验仪器（北京）股份公司
20,吴耀华,上海大学
21,陈翊依,上海市上海中学
22,廖雅君,上海易恩化学技术有限公司
23,王恩龙,武汉理工大学
24,阮柔治,上海埃松气流控制技术有限公司
25,郭芳天,武汉大学
26,阮建安,华东理工大学
27,吴韵如,浙江大学
28,黄秋萍,上海大学
29,邱宜瑶,武汉鄂斯鸿眸科技有限公司
30,林珮瑜,上海组波智能仪器科技有限公司
31,雷进宝,南京大学
32,黄伟依,上海交通大学 
33,彭郁婷,中国科学院上海有机化学研究所
34,杨绍瑜,七宝中学
35,方美君,沃特世科技（上海）有限公司
36,梁佩芬,上海易恩化学技术有限公司
37,杨雅萍,南方科技大学
38,陈婉璇,北京大学
39,张博海,同济大学
40,周琼玟,华东师范大学
41,张俞幸,海军军医大学
42,潘右博,上海睿士科技有限公司
43,梁哲宇,上海交通大学
44,李姿婷,复旦大学
45,张孟涵,中国科学院理化研究所
46,黎芸贵,南开大学
47,蔡宜芸,上海组波智能仪器科技有限公司
48,吉茹定,东华大学
49,赖怡宜,上海市世外中学
50,金育木,高桥中学
51,江奕云,中国科学院上海有机化学研究所
52,吴美隆,上海交通大学
53,金雅琪,上海外国语大学附属外国语学校
54,洪振霞,南方科技大学
55,朱政廷,中山大学
56,吴怡伶,北京伊诺凯科技有限公司
57,林彦韦,武汉鄂斯鸿眸科技有限公司
58,李祯韵,清华大学
59,杨舒南,同济大学
60,陈文婷,哈尔滨工业大学
61,何美玲,湖南大学
62,李必辰,海军军医大学
63,黄文旺,厦门大学
64,舒绿珮,中国科学技术大学
65,周孟儒,中国海洋大学
66,钟庭玮,合肥微元素实验室设备有限公司
67,吴思翰,西北工业大学附属中学
68,高成彦,复旦大学
69,黄佩珊,上海科技大学
70,秦娇真,安徽凯泰莱铂科技有限公司
71,林子帆,华东理工大学
72,林乐妹,上海埃松气流控制技术有限公司
73,杨佩芳,北京大学
74,陈信峰,苏州大学
75,黄蓉芳,深圳晶泰科技有限公司
76,黄雅慧,杭州惠创仪器设备有限公司
77,胡睿纯,复旦大学
78,陈昭祥,安徽国为智能科技有限公司
79,刘柏宏,南开大学
80,郭贵妃,复旦大学
81,郑伊雯,北京大学
82,林婉婷,上海汇析精密仪器有限公司
83,蔡政琳,上海理工大学
84,王雅娥,中国科学院上海有机化学研究所
85,郑士易,上海应用技术大学 
86,赵吟琪,深圳晶泰科技有限公司
87,蔡书玮,华东师范大学
88,黄柏仪,上海毕得医药科技有限公司
89,林佩玲,虹口区教育局
90,郑昌梦,山东大学
91,傅智翔,北京大学
92,谢佳儒,上海科技大学
93,邓诗涵,山西大学
94,吴怡婷,华东师范大学
95,李莉火,复旦大学
96,吴心真,东北师范大学
97,李建智,华东师范大学第二附属中学
98,许智云,中国科学院上海有机化学研究所
99,方一强,中国科学技术大学
100,刘美玲,杜马司科学仪器（江苏）有限公司
101,张茂以,上海汇析精密仪器有限公司
102,王淑芳,华南理工大学
103,蔡依婷,国家纳米科学中心
104,白凯修,杜马司科学仪器（江苏）有限公司
105,林家纶,西安交通大学
106,韩宁政,华东理工大学
107,叶洁启,南开大学
108,陈宜宁,上海埃松气流控制技术有限公司
109,陈枝盈,南京大学
110,张虹伦,中国科学院上海有机化学研究所
111,周白芷,中国科学院上海药物所
112,王俊民,上海市教育考试院
113,邱雅雯,复旦大学
114,张姿妤,上海交通大学
115,黄丽昆,四川大学
116,李仁杰,江苏汉凰科技有限公司
117,涂昀琬,杜马司科学仪器（江苏）有限公司
118,吴佳瑞,中国科学技术大学
119,卢志铭,华中科技大学
120,张仪湖,华东师范大学附属东昌中学
121,张吉惟,四川大学
122,荣姿康,中国科学院上海有机化学研究所
123,黄晓萍,武汉大学
124,林慧颖,七宝中学
125,武淑芬,上海市上海中学
126,徐采伶,中国科学院学部工作局
127,黄芸欢,福州大学
128,黎慧萱,南开大学
129,黄文隆,中国科学院上海有机化学研究所
130,柯乔喜,上海大学
131,李小爱,南京大学
132,叶元映,上海交通大学
133,李志宏,复旦大学
134,张诗刚,上海交通大学附属中学
135,罗静蓁,上海科技大学
136,潘欣臻,湖南大学
137,李宜豪,上海汇析精密仪器有限公司
138,陈伯薇,安徽国为智能科技有限公司
139,黄盛玫,南开大学
140,王秀玲,复旦大学
141,翁惠珠,华南理工大学 
142,郑丽青,复旦大学
143,阮馨学,上海理工大学
144,刘姿婷,北京大学
145,陈政倩,华南师范大学
146,李升毓,武汉鄂斯鸿眸科技有限公司
147,叶茜彦,合肥微元素实验室设备有限公司
148,林国瑞,中国科学院上海有机化学研究所
149,杨韦成,上海交通大学
150,杨大雪,上海交通大学
151,陈怡婷,北京伊诺凯科技有限公司
152,毛展霞,上海交通大学
153,李佳和,江苏汉凰科技有限公司
154,简健昀,上海易恩化学技术有限公司
155,林雅南,南方科技大学
156,谢佳雯,安徽凯泰莱铂科技有限公司
157,吕致盈,华东师范大学
158,林孟富,大龙兴创实验仪器（北京）股份公司
159,吴俊伯,南方科技大学
160,李姿伶,南京大学
161,陈素达,复旦大学
162,王依婷,武汉大学
163,丁汉臻,中国科学院化学研究所
164,郭冰宇,华东师范大学
165,倪怡芳,中国科学院上海有机化学研究所
166,郭贤青,江苏汉凰科技有限公司
167,李中冰,北京大学
168,高咏钰,上海交通大学
169,陈智筠,华东师范大学
170,苏玮伦,上海易恩化学技术有限公司
171,李雅惠,厦门大学
172,林智超,中国科学院化学研究所
173,陈志宏,上海埃松气流控制技术有限公司
174,陈伟伦,杭州惠创仪器设备有限公司
175,吴美玉,华南理工大学
176,阮晴桦,大龙兴创实验仪器（北京）股份公司
177,黎宏儒,同济大学
178,夏志豪,中国科学院上海药物所
179,黄怡强,复旦大学
180,邓海来,复旦大学附属中学
181,王淑月,上海师范大学
182,谢彦文,天津大学
183,张裕忠,沃特世科技（上海）有限公司
184,沈俊君,复旦大学
185,廖婉宏,上海工程技术大学
186,潘吉维,华东师范大学
187,曹敏有,南开大学
188,陈建豪,海军军医大学
,,
,,
,,
,,
,,
,,
,,
,,
,,
,,
,,
,,
,,
,,
,,
,,
,,
,,
,,
,,
,,
,,
